合肥北城,南京南,G,G7755,1小时8分
合肥北城,南京南,G,G7669,1小时9分
合肥北城,南京南,G,G3109,1小时17分
合肥北城,南京南,G,G7755,1小时8分
合肥北城,南京南,G,G7669,1小时9分
合肥北城,南京南,G,G3109,1小时17分
合肥北城,南京南,G,G7755,1小时8分
合肥北城,南京南,G,G7669,1小时9分
合肥北城,南京南,G,G3109,1小时17分
合肥北城,杭州东,G,G7755,2小时35分
合肥北城,杭州东,G,G7669,2小时32分
合肥北城,杭州东,G,G7705,3小时11分
合肥北城,杭州,G,G3109,2小时58分
合肥北城,杭州东,G,G7755,2小时35分
合肥北城,杭州东,G,G7669,2小时32分
合肥北城,杭州东,G,G7705,3小时11分
合肥北城,杭州,G,G3109,2小时58分
合肥北城,杭州东,G,G7755,2小时35分
合肥北城,杭州东,G,G7669,2小时32分
合肥北城,杭州东,G,G7705,3小时11分
合肥北城,杭州,G,G3109,2小时58分
合肥北城,溧水,G,G7755,1小时28分
合肥北城,溧水,G,G7669,1小时27分
合肥北城,溧水,G,G3109,1小时37分
合肥北城,宜兴,G,G7755,1小时53分
合肥北城,宜兴,G,G7669,1小时51分
合肥北城,宜兴,G,G3109,2小时2分
合肥北城,湖州,G,G7755,2小时12分
合肥北城,湖州,G,G7669,2小时9分
合肥北城,湖州,G,G7705,2小时47分
合肥北城,湖州,G,G3109,2小时20分
合肥北城,德清,G,G3109,2小时36分
合肥北城,绍兴东,G,G7669,2小时59分
合肥北城,余姚北,G,G7669,3小时13分
合肥北城,宁波,G,G7669,3小时34分
合肥北城,宁波,G,G7669,3小时34分
合肥北城,绍兴东,G,G7669,2小时59分
合肥北城,余姚北,G,G7669,3小时13分
合肥北城,台州,G,G7669,4小时30分
合肥北城,绅坊,G,G7669,4小时57分
合肥北城,温州南,G,G7669,5小时21分
合肥北城,温州南,G,G7669,5小时21分
合肥北城,合肥南,G,G7705,0小时24分
合肥北城,合肥南,G,G3183,0小时24分
合肥北城,合肥,G,G7755,0小时13分
合肥北城,合肥,G,G7669,0小时13分
合肥北城,合肥,G,G3109,0小时14分
合肥北城,芜湖,G,G7705,1小时21分
合肥北城,芜湖,G,G7705,1小时21分
合肥北城,铜陵北,G,G3183,1小时6分
合肥北城,巢湖东,G,G7705,0小时51分
合肥北城,铜陵北,G,G3183,1小时6分
合肥北城,水家湖,G,G7414,0小时14分
合肥北城,水家湖,G,G7268,0小时15分
合肥北城,肥东,G,G3109,0小时34分
合肥北城,含山南,G,G7705,1小时5分
合肥北城,芜湖,G,G7705,1小时21分
合肥北城,湾沚南,G,G7705,1小时42分
合肥北城,宣城,G,G7705,1小时57分
合肥北城,广德南,G,G7705,2小时18分
合肥北城,安吉,G,G7705,2小时29分
合肥北城,德清,G,G3109,2小时36分
合肥北城,巢湖东,G,G7705,0小时51分
